{"cameraMode":{"drawMode":0,"name":"Shaded","section":"Shading Mode"},"sceneLighting":true,"audioPlay":false,"sceneViewState":{"m_AlwaysRefresh":false,"showFog":true,"showSkybox":true,"showFlares":true,"showImageEffects":true,"showParticleSystems":true,"showVisualEffectGraphs":true,"m_FxEnabled":true},"in2DMode":false,"pivot":{"x":-2.0841126441955568,"y":2.0514450073242189,"z":-9.109038352966309},"rotation":{"x":-0.23737210035324098,"y":-0.5469198226928711,"z":0.16524215042591096,"w":-0.7856674194335938},"size":13.187606811523438,"orthographic":false}