{"cameraMode":{"drawMode":0,"name":"Shaded","section":"Shading Mode"},"sceneLighting":true,"audioPlay":false,"sceneViewState":{"m_AlwaysRefresh":false,"showFog":true,"showSkybox":true,"showFlares":true,"showImageEffects":true,"showParticleSystems":true,"showVisualEffectGraphs":true,"m_FxEnabled":true},"in2DMode":false,"pivot":{"x":-0.4778410792350769,"y":-1.0968172550201417,"z":5.979406356811523},"rotation":{"x":-0.21506157517433167,"y":-0.03869291767477989,"z":0.008508029393851757,"w":-0.9758855700492859},"size":4.375432968139648,"orthographic":false}