{"cameraMode":{"drawMode":0,"name":"Shaded","section":"Shading Mode"},"sceneLighting":true,"audioPlay":false,"sceneViewState":{"m_AlwaysRefresh":false,"showFog":true,"showSkybox":true,"showFlares":true,"showImageEffects":true,"showParticleSystems":true,"showVisualEffectGraphs":true,"m_FxEnabled":true},"in2DMode":false,"pivot":{"x":44.34114456176758,"y":15.185871124267579,"z":-32.61628723144531},"rotation":{"x":0.009865528903901577,"y":0.9769244194030762,"z":-0.2094401866197586,"w":0.04417981207370758},"size":1.1132354736328126,"orthographic":false}